00401000,InitializeVehicleTaillightQuadTemplates,436,5
004011c0,RenderVehicleTaillightQuads,356,4
00401330,SpawnRearWheelSmokeEffects,55,4
00401370,SpawnRandomVehicleSmokePuff,159,3
00401410,InitializeRaceSmokeSpritePool,56,4
00401450,LoadCameraPresetForView,305,5
00401590,UpdateChaseCamera,957,5
00401950,UpdateTracksideOrbitCamera,708,4
00401c20,UpdateVehicleRelativeCamera,494,5
00401e10,UpdateRaceCameraTransitionState,482,4
00402000,ResetRaceCameraSelectionState,168,5
004020b0,InitializeTracksideCameraProfiles,322,4
00402200,SelectTracksideCameraProfile,585,4
00402480,UpdateTracksideCamera,1182,4
00402a80,CacheVehicleCameraAngles,65,4
00402ad0,UpdateSplineTracksideCamera,813,4
00402e00,CycleRaceCameraPreset,32,4
00402e30,ResetPlayerVehicleControlAccumulators,13,4
00402e40,ResetPlayerVehicleControlBuffers,16,4
00402e60,UpdatePlayerVehicleControlState,2126,5
004036b0,UpdatePlayerSteeringWeightBalance,101,5
00403720,RefreshVehicleWheelContactFrames,766,5
00403d90,UpdateVehicleState0fDamping,285,5
00403eb0,ApplyMissingWheelVelocityCorrection,354,5
00404030,UpdatePlayerVehicleDynamics,3719,5
00404ec0,UpdateAIVehicleDynamics,2341,5
004057f0,UpdateVehicleSuspensionResponse,783,5
00405b40,ClampVehicleAttitudeLimits,549,5
00405d70,ResetVehicleActorState,269,5
00405e80,IntegrateVehiclePoseAndContacts,1250,5
004063a0,UpdateVehiclePoseFromPhysicsState,631,5
00406650,UpdateVehicleActor,758,5
00406980,ApplyTrackSurfaceForceToActor,831,5
00406cc0,UpdateActorTrackSegmentContacts,654,5
00406f50,UpdateActorTrackSegmentContactsForward,392,5
004070e0,UpdateActorTrackSegmentContactsReverse,392,5
00407270,ApplySimpleTrackSurfaceForce,286,5
00407390,ProcessActorSegmentTransition,812,5
004076c0,ProcessActorForwardCheckpointPass,372,5
00407840,ProcessActorRouteAdvance,371,5
004079c0,ApplyVehicleCollisionImpulse,2982,5
00408570,CollectVehicleCollisionContacts,1261,5
00408a60,ResolveVehicleCollisionPair,1124,5
00408f70,ResolveSimpleActorSeparation,472,5
00409150,ResolveVehicleContacts,381,5
004092d0,RenderVehicleActorModel,587,3
00409520,CheckAndUpdateActorCollisionAlignment,392,3
004096b0,ComputeActorWorldBoundingVolume,1339,3
00409bf0,RefreshScriptedVehicleTransforms,179,5
00409d20,IntegrateScriptedVehicleMotion,338,5
00409e80,CheckRaceCompletionState,968,5
0040a260,UpdateCameraTransitionHudIndicator,69,5
0040a2b0,AdvancePendingFinishState,283,5
0040a3d0,AccumulateVehicleSpeedBonusScore,109,5
0040a440,DecayUltimateVariantTimer,63,5
0040a480,InitializeRaceCameraTransitionDuration,10,3
0040a490,UpdateRaceCameraTransitionTimer,157,5
0040a530,AdjustCheckpointTimersByDifficulty,274,5
0040a650,BuildSinCosLookupTables,76,5
0040a6a0,CosFloat12bit,16,5
0040a6c0,SinFloat12bit,21,5
0040a6e0,CosFixed12bit,16,5
0040a700,SinFixed12bit,21,5
0040a720,AngleFromVector12,341,5
0040a880,ResetRaceResultsTable,50,5
0040a8c0,BuildRaceResultsTable,527,5
0040aad0,SortRaceResultsByPrimaryMetricAsc,172,5
0040ab80,SortRaceResultsBySecondaryMetricDesc,126,5
0040ac00,PrepareMeshResource,477,5
0040ade0,BeginRaceScene,19,4
0040ae00,EndRaceScene,10,4
0040ae10,InitializeRaceRenderGlobals,111,5
0040ae80,InitializeRaceRenderState,53,4
0040aec0,ReleaseRaceRenderResources,40,4
0040aef0,GetEnvironmentTexturePageMode,21,3
0040af10,ConfigureRaceFogColorAndMode,60,4
0040af50,ApplyRaceFogRenderState,287,4
0040b070,SetRaceRenderStatePreset,122,5
0040b100,BuildEnumeratedDisplayModeList,108,3
0040b170,SelectConfiguredDisplayModeSlot,72,3
0040b1d0,BuildTrackTextureCacheImpl,839,4
0040b530,SwapIndexedRuntimeEntries,68,4
0040b580,SetRaceTexturePageLoader,13,5
0040b590,UploadRaceTexturePage,204,4
0040b660,BindRaceTexturePage,438,5
0040b830,AdvanceTextureStreamingScheduler,441,4
0040b9f0,GetTextureSlotStatus,31,5
0040ba10,AdvanceTexturePageUsageAges,75,4
0040ba60,ResetTexturePageCacheState,63,4
0040baa0,QueryRaceTextureCapacity,62,4
0040bae0,PreloadLevelTexturePages,138,3
0040bb70,InitializeVehicleShadowAndWheelSpriteTemplates,418,4
0040bd20,RenderRaceActorsForView,1010,5
0040c120,RenderRaceActorForView,1712,5
0040c7e0,BuildSpecialActorOverlayQuads,1000,4
0040cbd0,ConfigureActorProjectionEffect,310,4
0040cd10,UpdateActorTrackLightState,174,4
0040cdc0,CrossFade16BitSurfaces,858,3
0040d120,AdvanceCrossFadeTransition,105,3
0040d190,CrossFade16BitSurfaces,1015,3
0040d590,LoadExtrasGalleryImageSurfaces,168,4
0040d640,ReleaseExtrasGalleryImageSurfaces,90,5
0040d6a0,LoadExtrasBandGalleryImages,163,5
0040d750,AdvanceExtrasGallerySlideshow,222,4
0040d830,UpdateExtrasGalleryDisplay,652,4
0040dac0,InitializeRaceSeriesSchedule,766,5
0040ddc0,DrawCarSelectionPreviewOverlay,446,3
0040df80,MarkMastersRaceSlotCompleted,51,3
0040dfc0,CarSelectionScreenStateMachine,6298,5
0040f8d0,WritePackedConfigTd5,643,5
0040fb60,LoadPackedConfigTd5,659,5
0040fe00,ScreenControllerBindingPage,3624,5
004100c0,OpenControllerBindingPageWrapper,13,3
004100ce,DrawControlBindingTextWithOkButton,8,3
004100d7,OpenControllerBindingPageNoneHeader,6,3
004100de,OpenControllerBindingPageRearViewHeader,27,3
004100fa,DrawControlBindingText1WithOkButton,22,3
00410111,DrawControlBindingText2WithOkButton,23,3
00410129,OpenControllerBindingPageNoneHeader,109,3
00410380,RenderControllerBindingMenuPage,187,3
0041043c,RenderControllerBindingPageUpDownHeader,117,3
004104b2,RenderControllerBindingPageDownHeader,116,3
00410527,RenderControllerBindingPageUpHeader,113,3
00410599,RenderControllerBindingPageBlankOrRearViewHeader,121,3
00410613,RenderControllerBindingPageRows,1565,3
00410940,DrawControlOptionsBindingHeader,114,3
00410ca0,ConfigureGameTypeFlags,655,5
00411120,SerializeRaceStatusSnapshot,411,4
004112c0,RestoreRaceStatusSnapshot,552,4
004114f0,WriteCupData,149,5
00411590,LoadContinueCupData,148,5
00411630,ValidateCupDataChecksum,212,4
00411710,BuildFrontendDitherOffsetTable,60,3
00411750,InitFrontendFadeColor,37,5
00411780,RenderFrontendFadeEffect,705,5
00411a50,ResetFrontendFadeState,22,3
00411a70,RenderFrontendFadeOutEffect,878,3
00411de0,ClearFrontendSurfaceRegistry,22,3
00411e00,GetFrontendSurfaceRegistryId,40,3
00411e30,ReleaseTrackedFrontendSurface,90,5
00411e90,ReleaseTrackedFrontendSurfaces,96,3
00411f00,CreateTrackedFrontendSurface,301,5
00412030,LoadFrontendTgaSurfaceFromArchive,688,3
004122f0,LoadTgaToFrontendSurfaceFromArchive,693,3
004125b0,LoadTgaToFrontendSurface16bpp,502,5
004127b0,LoadTgaToFrontendSurface16bppVariant,502,3
004129b0,RenderTgaToFrontendSurface,333,3
00412b00,SetSurfaceColorKeyFromRGB,134,3
00412b90,RenderTgaWithColorKeyToSurface,447,3
00412d50,MeasureOrDrawFrontendFontString,213,3
00412e30,CreateMenuStringLabelSurface,472,5
00413010,DrawPostRaceHighScoreEntry,1368,3
00413580,ScreenPostRaceHighScoreTable,1549,4
00413bc0,ScreenPostRaceNameEntry,2587,5
00414610,SetFrontendScreen,40,5
00414640,LoadFrontendSoundEffects,241,4
00414740,InitializeFrontendResourcesAndState,847,5
00414a90,InitializeFrontendDisplayModeState,190,5
00414b50,RunFrontendDisplayLoop,996,5
00414f40,RenderPositionerGlyphStrip,235,3
00415030,ScreenPositionerDebugTool,795,4
00415370,ScreenStartupInit,258,4
00415490,ScreenMainMenuAnd1PRaceFlow,5010,5
004173b1,caseD_7,284,3
00417700,caseD_a,1490,3
00417b74,AdvanceFrontendInlineStringTableState,37,3
00417d50,ScreenExtrasGallery,1596,5
00417dd2,LoadFrontendExtrasGalleryResources,684,3
0041808d,caseD_6,37,3
004183b0,SetFrontendInlineStringTable,81,3
00418410,SetFrontendInlineStringEntry,25,3
00418430,ResetFrontendInlineStringTable,20,3
00418450,NoOpHookStub,0,3
00418460,ScreenMusicTestExtras,2002,4
00418c60,QueueFrontendNetworkMessage,224,3
00418d50,RunFrontendConnectionBrowser,3500,4
00419b30,RenderFrontendSessionBrowser,443,3
00419cf0,RunFrontendSessionPicker,2071,4
0041a530,RenderFrontendCreateSessionNameInput,311,3
0041a670,RenderFrontendLobbyChatInput,306,3
0041a7b0,RunFrontendCreateSessionFlow,2939,4
0041b390,CreateFrontendNetworkSession,136,4
0041b420,RenderFrontendLobbyStatusPanel,494,3
0041b610,ProcessFrontendNetworkMessages,1731,3
0041bd00,RenderFrontendLobbyChatPanel,812,3
0041c030,NormalizeFrontendChatTokens,752,3
0041c330,RunFrontendNetworkLobby,4789,4
0041d630,ScreenSessionLockedDialog,495,5
0041d840,FormatDisplayModeOptionStrings,78,3
0041d890,ScreenOptionsHub,1610,5
0041df20,ScreenControlOptions,2880,5
0041ea90,ScreenSoundOptions,3794,4
0041f990,ScreenGameOptions,2598,5
00420400,ScreenDisplayOptions,2102,5
00420c70,ScreenTwoPlayerOptions,1844,5
004213d0,ScreenQuickRaceMenu,2470,4
00421da0,AwardCupCompletionUnlocks,176,5
00421e90,DrawRaceDataSummaryPanel,1493,5
00422480,RunRaceResultsScreen,4815,5
004237f0,ScreenCupFailedDialog,627,5
00423a80,ScreenCupWonDialog,783,5
00423db0,ClearBackbufferWithColor,136,3
00423e40,LockSecondaryFrontendSurfaceFillColor,140,3
00423ed0,FillPrimaryFrontendRect,188,5
00423f90,FillSurfaceRectWithColor,188,3
00424050,BltColorFillToSurface,190,5
00424110,DrawFrontendFontStringPrimary,204,5
004241e0,DrawFrontendFontStringSecondary,204,5
00424390,DrawFrontendLocalizedStringSecondary,221,5
00424470,DrawFrontendFontStringToSurface,228,3
00424560,DrawFrontendLocalizedStringToSurface,245,5
00424660,DrawFrontendSmallFontStringToSurface,217,3
00424740,DrawFrontendClippedStringToSurface,334,3
00424890,MeasureOrCenterFrontendString,75,5
004248e0,DrawFrontendWrappedStringLine,356,3
00424a50,MeasureOrCenterFrontendLocalizedString,149,3
00424af0,PresentPrimaryFrontendBufferViaCopy,57,3
00424b80,BlitFrontendCachedRect,63,5
00424bc0,CopyPrimaryFrontendRectToSecondary,74,3
00424c10,PresentSecondaryFrontendRectViaCopy,63,3
00424c50,BlitSecondaryFrontendRectToPrimary,74,3
00424ca0,PresentPrimaryFrontendBuffer,64,3
00424cf0,PresentSecondaryFrontendRect,74,3
00424d40,PresentPrimaryFrontendRect,74,3
00424d90,FillPrimaryFrontendScanline,170,3
00424e40,InitializeFrontendPresentationState,803,4
00425170,UpdateFrontendClientOrigin,41,3
004251a0,Copy16BitSurfaceRect,440,5
00425360,PresentFrontendBufferSoftware,367,5
004254d0,ResetFrontendOverlayState,35,3
00425500,ResetFrontendSelectionState,59,3
00425540,FlushFrontendSpriteBlits,277,4
00425660,QueueFrontendOverlayRect,205,5
00425730,QueueFrontendSpriteBlit,368,3
004258b0,DeferFrontendBackgroundRestore,10,3
004258c0,ActivateFrontendCursorOverlay,20,4
004258e0,DeactivateFrontendCursorOverlay,12,3
004258f0,CreateFrontendMenuRectEntry,190,3
004259b0,AdvanceFrontendTickAndCheckReady,22,5
004259d0,MoveFrontendSpriteRect,89,5
00425a30,RenderFrontendUiRects,293,4
00425b60,DrawFrontendButtonBackground,631,4
00425de0,CreateFrontendDisplayModeButton,764,5
004260e0,CreateFrontendDisplayModePreviewButton,58,3
00426120,RebuildFrontendButtonSurface,313,3
00426260,InitializeFrontendDisplayModeArrows,294,3
00426390,ReleaseFrontendDisplayModeButtons,79,5
004263e0,RenderFrontendDisplayModeHighlight,240,4
004264e0,BeginFrontendDisplayModePreviewLayout,89,3
00426540,RestoreFrontendDisplayModePreviewLayout,63,3
00426580,UpdateFrontendDisplayModeSelection,1094,4
004269d0,ScreenLocalizationInit,2224,5
00427290,ScreenLanguageSelect,495,4
004274a0,ScreenLegalCopyright,235,5
004275a0,RunAttractModeDemoScreen,113,4
00427630,TrackSelectionScreenStateMachine,3043,4
00428240,InitializeRaceHudFontGlyphAtlas,214,4
00428320,QueueRaceHudFormattedText,579,5
00428570,FlushQueuedRaceHudText,50,4
004285b0,CreateRaceForceFeedbackEffects,719,5
00428880,ConfigureForceFeedbackControllers,85,4
004288e0,UpdateControllerForceFeedback,296,5
00428a10,PlayAssignedControllerEffect,74,4
00428a60,PlayVehicleCollisionForceFeedback,553,4
00428d20,InitializeBenchmarkFrameRateCapture,28,3
00428d40,RecordBenchmarkFrameRateSample,29,3
00428d60,FormatBenchmarkReportText,26,3
00428d80,WriteBenchmarkResultsTgaReport,1921,3
00429510,InitializeRaceParticleSystem,374,4
00429690,ProjectRaceParticlesToView,140,4
00429720,DrawRaceParticleEffects,103,4
00429790,UpdateRaceParticleEffects,51,4
00429a30,SpawnVehicleSmokeVariant,703,4
00429cf0,SpawnVehicleSmokeSprite,726,4
00429fd0,SpawnVehicleSmokePuffAtPoint,688,3
0042a290,SpawnVehicleSmokePuffFromHardpoint,662,5
0042a6b0,SpawnAmbientParticleStreak,663,4
0042a950,InitializeRaceVideoConfiguration,183,5
0042aa10,InitializeRaceSession,2915,5
0042b580,RunRaceFrame,3368,5
0042c2b0,InitializeRaceViewportLayout,444,5
0042c470,PollRaceSessionInput,1104,5
0042c8d0,GetDamageRulesStub,2,5
0042c8e0,ShowLegalScreens,286,5
0042ca00,DisplayLoadingScreenImage,466,4
0042cbe0,IsLocalRaceParticipantSlot,60,5
0042cc20,BeginRaceFadeOutTransition,165,5
0042ccd0,StoreRoundedVector3Ints,101,5
0042cd40,ConvertFloatVec3ToShortAnglesB,104,5
0042cdb0,ConvertFloatVec4ToShortAngles,150,5
0042ce50,SetCameraWorldPosition,48,5
0042ce90,UpdateActiveTrackLightDirections,542,5
0042d0b0,BuildCameraBasisFromAngles,857,5
0042d410,FinalizeCameraProjectionMatrices,405,4
0042d5b0,OrientCameraTowardTarget,708,4
0042d880,ApplyMeshRenderBasisFromTransform,200,3
0042d950,ApplyMeshRenderBasisFromWorldPosition,180,3
0042da10,MultiplyRotationMatrices3x3,292,5
0042db40,ConvertFloatVec3ToIntVec3,137,3
0042dbd0,TransformVector3ByBasis,82,4
0042dc30,ConvertFloatVec3ToIntVec3B,110,3
0042dca0,IsBoundingSphereVisibleInCurrentFrustum,358,4
0042de10,TestMeshAgainstViewFrustum,362,4
0042df80,ApplyMeshResourceRenderTransform,162,5
0042e030,ExtractEulerAnglesFromMatrix,246,3
0042e130,SetTrackLightDirectionContribution,166,5
0042e1e0,BuildRotationMatrixFromAngles,249,5
0042e2e0,ConvertFloatVec3ToShortAngles,140,5
0042e370,TransformVector3ByRenderRotation,83,3
0042e3d0,TransformShortVectorToView,129,3
0042e460,WriteTransformedShortVector,130,5
0042e4f0,WritePointToCurrentRenderTransform,106,3
0042e560,TransformTriangleByRenderMatrix,418,3
0042e710,TransposeMatrix3x3,60,5
0042e750,BuildWorldToViewMatrix,614,3
0042e9c0,LoadGlobalOrientationToRenderState,11,3
0042e9d0,QueryRaceSharedPointer,133,5
0042ea70,CrossProduct3i,68,5
0042eac0,CrossProduct3i_FixedPoint12,77,5
0042eb10,TransformShortVec3ByRenderMatrixRounded,211,5
0042ebf0,ComputeVehicleSurfaceNormalAndGravity,343,5
0042ed50,UpdateVehicleEngineSpeedSmoothed,154,5
0042edf0,UpdateEngineSpeedAccumulator,161,5
0042eea0,ApplySteeringTorqueToWheels,102,5
0042ef10,UpdateAutomaticGearSelection,248,5
0042f010,ApplyReverseGearThrottleSign,31,5
0042f030,ComputeDriveTorqueFromGearCurve,204,5
0042f100,GetTrackSegmentSurfaceType,58,5
0042f140,InitializeRaceVehicleRuntime,1130,5
0042f5b0,UpdateRaceOrder,278,5
0042f6d0,ComputeVehicleSuspensionEnvelope,697,5
0042f990,LoadEnvironmentTexturePages,318,4
0042fad0,InitializeTrackStripMetadata,102,5
0042fb40,ApplyTrackStripAttributeOverrides,66,5
0042fb90,LoadTrackRuntimeData,467,5
0042fd70,RemapCheckpointOrderForTrackDirection,168,4
0042fe20,BlendTrackLightEntryFromStart,400,4
0042ffc0,BlendTrackLightEntryFromEnd,399,4
00430150,ApplyTrackLightingForVehicleSegment,2346,5
00430a90,GameWinMain,528,5
00430cb0,ResetGameHeap,58,5
00430cf0,HeapAllocTracked,51,4
00430d30,ParseAndDecodeCompressedTrackData,1113,4
00431190,ParseModelsDat,204,5
00431260,GetTrackSpanDisplayListEntry,13,5
00431270,RenderTrackSpanDisplayList,97,4
004312e0,InitializeTranslucentPrimitivePipeline,95,4
00431340,FlushQueuedTranslucentPrimitives,283,4
00431460,QueueTranslucentPrimitiveBatch,69,5
004314b0,RenderPreparedMeshResource,251,5
004315b0,SubmitImmediateTranslucentPrimitive,213,5
00431690,SubmitProjectedQuadPrimitive,49,4
004316d0,EmitTranslucentQuadDirect,20,4
004316f0,SubmitProjectedTrianglePrimitive,49,4
00431730,EmitTranslucentTriangleStripDirect,20,4
00431750,EmitTranslucentTriangleStrip,110,4
004317c0,SubmitProjectedPolygon,33,3
004317f0,ClipAndSubmitProjectedPolygon,3030,4
004323d0,RenderTrackSegmentBatch,766,4
004326d0,RenderTrackSegmentBatchVariant,778,4
004329e0,FlushImmediateDrawPrimitiveBatch,193,4
00432ab0,AppendClippedPolygonTriangleFan,285,4
00432bd0,BuildSpriteQuadTemplate,397,5
00432d60,ComputeAIRubberBandThrottle,241,5
00432e60,InitializeRaceActorRuntime,2075,5
00433680,FindNearestRoutePeer,337,5
004337e0,FindActorTrackOffsetPeer,1278,5
00433ce0,RenderTrackSegmentNearActor,695,5
00433fc0,AngleFromVector12Full,119,5
00434040,ComputeActorRouteHeadingDelta,119,5
004340c0,UpdateActorSteeringBias,538,5
004342e0,RefreshActorTrackProgressOffset,109,5
00434350,InitializeActorTrackPose,567,5
004345b0,ComputeTrackSpanProgress,186,5
00434670,ComputeSignedTrackOffset,200,5
00434740,ComputeRouteForwardOvershootScalar,189,3
00434800,SampleTrackTargetPoint,251,5
00434900,UpdateActorTrackOffsetBias,407,5
00434aa0,UpdateActorRouteThresholdState,245,5
00434ba0,UpdateSpecialEncounterControl,499,5
00434da0,UpdateSpecialTrafficEncounter,563,5
00434fe0,UpdateActorTrackBehavior,972,5
004353b0,RecycleTrafficActorFromQueue,1352,5
00435940,InitializeTrafficActorsFromQueue,887,5
00435ce0,ComputeActorTrackHeading,380,5
00435e80,UpdateTrafficRoutePlan,2142,5
004366e0,UpdateActorTrackBounds,433,5
004368a0,ClassifyTrackOffsetClamp,453,5
00436a70,UpdateRaceActors,1569,5
004370a0,AdvanceActorTrackScript,1758,5
004377b0,InitializeRaceOverlayResources,1004,4
00437ba0,InitializeRaceHudLayout,3327,4
004388a0,RenderRaceHudOverlays,3854,5
004397b0,BuildRaceHudMetricDigits,914,5
00439b60,SetRaceHudIndicatorState,15,5
00439b70,DrawRaceStatusText,747,4
00439e60,RenderHudRadialPulseOverlay,928,4
0043a210,ResetHudRadialPulseOverlay,10,5
0043a220,RenderTrackMinimapOverlay,3707,5
0043b0a0,InitializeMinimapLayout,1809,5
0043b7c0,InitializePauseMenuOverlayLayout,1957,4
0043bf70,RunAudioOptionsOverlay,1097,5
0043c3c0,RequestIntroMovieShutdown,121,4
0043c440,PlayIntroMovie,1206,5
0043c9e0,InitializeTrackedActorMarkerBillboards,985,3
0043cdc0,AdvanceWorldBillboardAnimations,20,4
0043cde0,RenderTrackedActorMarker,1262,3
0043d2d0,InitializeWantedHudOverlays,518,5
0043d4e0,UpdateWantedDamageIndicator,420,3
0043d690,AwardWantedDamageScore,295,5
0043d7c0,AdvanceGlobalSkyRotation,19,5
0043d7e0,DecayTrackedActorMarkerIntensity,60,5
0043d830,ApplyRandomWheelJitterHighSpeed,211,3
0043d910,ApplyRandomWheelJitterLowSpeed,211,3
0043d9f0,ApplyRandomWheelJitterSynchronized,135,3
0043da80,LoadRenderRotationMatrix,110,5
0043daf0,PushRenderTransform,112,4
0043db70,PopRenderTransform,175,4
0043dc20,LoadRenderTranslation,40,4
0043dc50,TransformVec3ByRenderMatrixFull,95,4
0043dcb0,TransformAndQueueTranslucentMesh,173,4
0043dd60,TransformMeshVerticesToView,131,5
0043ddf0,ComputeMeshVertexLighting,195,5
0043dec0,ApplyMeshProjectionEffect,837,4
0043e210,SetProjectionEffectState,172,4
0043e2c0,ResetProjectedPrimitiveWorkBuffer,36,3
0043e2f0,FlushProjectedPrimitiveBuckets,188,4
0043e3b0,InsertBillboardIntoDepthSortBuckets,270,4
0043e4c0,InsertTriangleIntoDepthSortBuckets,143,3
0043e550,QueueProjectedPrimitiveBucketEntry,149,4
0043e5f0,InitializeProjectedPrimitiveBuckets,75,3
0043e640,SetProjectedClipRect,268,5
0043e750,SetClipBounds,81,4
0043e7b0,ComputeAverageDepth,36,5
0043e7e0,ConfigureProjectionForViewport,246,5
0043e8e0,SetProjectionCenterOffset,19,5
0043e900,RecomputeTracksideProjectionScale,136,5
0043e990,InitializeTireTrackPool,433,3
0043eb50,UpdateTireTrackPool,1235,5
0043f030,AcquireTireTrackEmitter,471,4
0043f210,RenderTireTrackPool,522,5
0043f420,UpdateFrontWheelSoundEffects,476,4
0043f600,UpdateRearWheelSoundEffects,479,4
0043f7e0,UpdateRearTireEffects,373,4
0043f960,UpdateFrontTireEffects,373,4
0043fae0,UpdateTireTrackEmitters,136,5
0043fb70,ReadTrackStaticDataChunk,28,3
0043fb90,ReadCompressedTrackStreamChunk,35,3
0043fbc0,DecompressTrackDataStream,190,3
0043fc80,ParseZipCentralDirectory,2341,4
004405b0,DecompressZipEntry,473,4
00440790,ReadArchiveEntry,207,5
00440860,OpenArchiveFileForRead,327,5
004409b0,GetArchiveEntrySize,115,5
00440a30,UpdateVehicleLoopingAudioState,124,4
00440ab0,StartTrackedVehicleAudio,34,5
00440ae0,StopTrackedVehicleAudio,19,5
00440b00,UpdateVehicleAudioMix,3934,5
00441a80,LoadVehicleSoundBank,471,4
00441c60,LoadRaceAmbientSoundBuffers,239,5
00441d50,ReleaseRaceSoundChannels,52,4
00441d90,PlayVehicleSoundAtPosition,498,5
00441f90,BuildCubicSpline3D,250,4
00442090,EvaluateCubicSpline3D,207,4
00442160,InitializeRaceVideoConfiguration,4,5
00442170,RunMainGameLoop,991,5
00442560,LoadStaticTrackTextureHeader,260,5
00442670,LoadTrackTextureSet,255,4
00442770,LoadRaceTexturePages,1397,5
00442cf0,FindArchiveEntryByName,56,5
00442d30,ResampleTexturePageToEntryDimensions,195,3
00442e00,DecodeArchiveImageToRgb24,925,5
004431c0,LoadTrafficVehicleSkinTexture,119,3
00443240,GetTrafficVehicleVariantType,61,5
00443280,LoadRaceVehicleAssets,1194,5
00443730,PatchModelUVCoordsForTrackLighting,142,5
004437c0,ApplyDampedSuspensionForce,302,5
004438f0,IntegrateVehicleFrictionForces,1018,5
00443cf0,UpdateTrafficVehiclePose,479,5
00443ed0,UpdateTrafficActorMotion,216,5
00443fb0,NormalizeActorTrackWrapState,57,5
00443ff0,ResolveActorSegmentBoundary,125,5
00444070,BindTrackStripRuntimePointers,112,5
004440f0,UpdateActorTrackPosition,4908,5
00445450,ComputeActorTrackContactNormal,556,5
004456d0,ComputeTrackTriangleBarycentrics,263,5
004457e0,ComputeActorTrackContactNormalExtended,585,5
00445a70,ComputeTrackTriangleBarycentricsWithNormal,287,5
00445b90,ComputeActorHeadingFromTrackSegment,600,5
00445e30,InterpolateTrackSegmentNormal,217,5
00445f10,InitActorTrackSegmentPlacement,281,5
00446030,TransformTrackVertexByMatrix,261,5
00446140,TransformTrackVertexByMatrixB,123,5
004461c0,TransformTrackVertexByMatrixC,124,5
00446240,InitializeWeatherOverlayParticles,608,4
004464b0,UpdateAmbientParticleDensityForSegment,162,4
00446560,RenderAmbientParticleStreaks,1291,4
00446a70,InitializeVehicleWheelSpriteTemplates,1071,4
00446ea0,InitializeWheelPaletteUvTable,85,3
00446f00,RenderVehicleWheelBillboards,1410,5
00447490,InflateFlushOutputAndUpdateCrc32,101,3
004474f6,InflateRefillInputBuffer,11,3
00447502,InflateWriteOutputChunk,24,3
0044751b,InflateBuildDecodeTable,505,3
00447715,InflateDecodeHuffmanCodes,912,3
00447aa6,InflateProcessStoredBlock,276,3
00447bbb,InflateProcessFixedHuffmanBlock,134,3
00447c42,InflateProcessDynamicHuffmanBlock,927,3
00447fe2,InflateDecompress,279,3
004480fa,__fpmath_init,22,0
00448111,__fpmath_init_ret,0,0
00448112,__cfltcvt_init,55,0
0044814a,__set_new_handler,12,0
0044817c,__ftol,38,0
004481b5,__nh_malloc,43,0
004481e1,_heap_alloc,251,0
00448248,__lock_fhandle,8,0
004482a7,__unlock_fhandle,8,0
004482dd,_controlfp,52,0
00448312,__controlfp_internal,21,0
00448328,__hw_to_abstract_fp,145,0
004483ba,__abstract_to_hw_cw,136,0
00448443,sprintf_game,81,3
00448495,fclose_game,48,3
004484c6,__fclose_lk,75,0
00448512,_fwrite,46,0
00448541,_fwrite_nolock,265,0
0044864b,_fopen,48,0
0044867c,fopen_game,18,3
0044868f,fread_game,46,3
004486be,_fread_nolock,231,0
004487b0,__chkstk,46,0
004487df,_free,232,0
00448849,__lock_fhandle2,8,0
004488a1,__unlock_fhandle2,8,0
00448904,_strlwr,307,0
00448a38,_toupper,110,0
00448aa7,_toupper_nolock,203,0
00448b80,_strncmp,55,0
00448bb8,_unlink,41,0
00448bf0,__allmul,51,0
00448c30,__alldiv,169,0
00448cda,_sscanf,51,0
00448d0e,ftell_game,33,3
00448d30,_ftell_nolock,352,0
00448e91,fseek_game,43,3
00448ebd,_fseek,140,0
00448f4a,_makepath,144,0
00448fdb,_splitpath,326,0
00449122,_ceil,206,0
00449200,_strnicmp,256,0
00449310,stricmp_game,207,3
004493e0,entry,232,0
004494e8,__amsg_exit,33,0
0044950d,FatalStartupExit,34,3
00449531,__init_fp_control,17,0
00449543,__detect_sse_inner,61,0
00449581,__IsProcessorFeaturePresent_fp,40,0
004495aa,__cropzeros,89,0
0044966a,__fassign,61,0
004496a8,_ecvt,96,0
00449709,__cftoe_internal,193,0
004497cb,_fcvt,84,0
00449820,__cftof_internal,166,0
004498c7,_gcvt,146,0
0044995a,__cfltcvt,80,0
004499ab,__shift_digits,36,0
004499d0,InitPrimaryTlsSlot,83,3
00449a24,__initptd,18,0
00449a37,_getptd,102,0
00449a9e,_freeptd,159,0
00449b3e,__callnewh,26,0
00449b59,__getLinkerVersion,44,0
00449b86,__heap_init,327,0
00449cce,InitProcessHeap,92,3
00449d2b,__sbh_heap_init,71,0
00449d73,__sbh_find_block,42,0
00449d9e,__sbh_free_block,808,0
0044a0c7,_heap_alloc_base,776,0
0044a3d0,__sbh_alloc_new_region,176,0
0044a481,__sbh_alloc_new_group,250,0
0044a57c,__sbh_new_region,323,0
0044a6c0,_heap_free_region,85,0
0044a716,__sbh_decommit_pages,193,0
0044a7d8,__sbh_find_block_old,86,0
0044a82f,__sbh_page_decommit_check,68,0
0044a874,__sbh_alloc_block,519,0
0044aa7c,_flsbuf,291,0
0044aba0,_mtinitlocks,40,0
0044abc9,_lock,96,0
0044ac2a,_unlock,20,0
0044ac40,__global_unwind2,31,0
0044ac82,__local_unwind2,103,0
0044ad16,__NLG_Notify,23,0
0044adf5,__local_unwind2_wrapper,26,0
0044ae10,_fputc,279,0
0044af28,_output,1824,0
0044b669,_write_char,52,0
0044b69e,_write_multi_char,48,0
0044b6cf,_write_string,55,0
0044b707,__va_arg_int,12,0
0044b714,__va_arg_double,15,0
0044b724,__va_arg_short,13,0
0044b7ee,_lock_file,46,0
0044b81d,_lock_stream,34,0
0044b840,_unlock_file,46,0
0044b86f,_unlock_stream,34,0
0044b892,_close,92,0
0044b8ef,_close_nolock,130,0
0044b972,__freebuf,42,0
0044b99d,_fflush,45,0
0044b9cb,_flush,91,0
0044ba30,_flushall,163,0
0044bad4,_write,100,0
0044bb39,_write_nolock,394,0
0044bcd0,_memmove,820,0
0044c005,_openfile,367,0
0044c175,_getstream,199,0
0044c23d,_filbuf,219,0
0044c319,_read,100,0
0044c37e,_read_nolock,472,0
0044c557,_stbuf,140,0
0044c610,_strcpy,6,0
0044c620,_strcat,223,0
0044c700,__crtLCMapStringA,547,0
0044c924,_strnlen,42,0
0044c94f,__isctype,116,0
0044c9c4,_dosmaperr,114,0
0044ca37,_errno,8,0
0044ca40,__doserrno,8,0
0044ca49,_input,2596,0
0044d46e,_toupper_lk,54,0
0044d4a5,_fgetc,25,0
0044d4bf,_ungetc,22,0
0044d4d6,_fgetc_unlocked,35,0
0044d500,_strlen,122,0
0044d57b,_ioinit,443,0
0044d737,_lseek,100,0
0044d79c,_lseek_nolock,114,0
0044d80f,_mbsdec,108,0
0044d87c,_setmbcp,428,0
0044da29,___get_codepage,73,0
0044da73,__codepage_from_lcid,50,0
0044daa6,___initctype,40,0
0044dacf,___initctype_impl,388,0
0044dc54,___initmbctable,27,0
0044dc70,_mbsncpy,153,0
0044dd0a,__raise_exc_single,83,0
0044dd5e,__handle_fp_exc,151,0
0044ddf6,__build_exc_record,690,0
0044e0a9,_fpieee_flt,534,0
0044e2c0,__raise_exc,135,0
0044e348,__set_errno_from_matherr,39,0
0044e370,__get_fname,36,0
0044e395,__abstract_sw,44,0
0044e3c2,__frnd,17,0
0044e3d4,_ldexp,40,0
0044e3fd,_fpclass,89,0
0044e457,_frexp,192,0
0044e518,_statusfp,13,0
0044e526,_clearfp_nw,14,0
0044e535,__ctrlfp,34,0
0044e558,_fpreset,85,0
0044e5ae,_tolower,110,0
0044e61d,_tolower_nolock,202,0
0044e6e8,_cinit,44,0
0044e715,_exit,16,0
0044e726,__exit,16,0
0044e737,_doexit,162,0
0044e7dc,__lock_fh_init,8,0
0044e7e5,__unlock_fh_init,8,0
0044e7ee,__initterm_real,25,0
0044e808,_xcptfilter,317,0
0044e946,__XcptActTab_lookup,57,0
0044e980,_pgmptr_init,87,0
0044e9d8,_setenvp,184,0
0044ea91,_setargv,152,0
0044eb2a,_parse_cmdline,435,0
0044ecde,_crt_setenv,305,0
0044ee10,_cexit,56,0
0044ee49,__initterm,338,0
0044ef9c,__IsZeroMan,72,0
0044efe5,__IncMan,85,0
0044f03b,__RoundMan,139,0
0044f0c7,__CopyMan,26,0
0044f0e2,__ZeroTail,11,0
0044f0ee,__IsZeroTail,26,0
0044f109,__ShrTail,140,0
0044f196,__ld12cvt,363,0
0044f302,__ld12tod,21,0
0044f318,__ld12tof,21,0
0044f32e,__atodbl,44,0
0044f35b,__atoflt,44,0
0044f388,__cftoe,118,0
0044f3ff,__fltout,91,0
0044f45b,__dtold12,181,0
0044f520,_memset,87,0
0044f580,_memcpy,820,0
0044f8b5,__amsg_exit_nomem,8,0
0044f8be,_calloc,316,0
0044f957,__unlock_fh_9,8,0
0044f9e0,__unlock_fh_9b,8,0
0044f9fb,_strtol,22,0
0044fa12,_strtoxl,516,0
0044fc30,_strchr,203,0
0044fcf0,_strstr,127,0
0044fd70,__getbuf,67,0
0044fdb4,_isatty,40,0
0044fddd,_wctomb,88,0
0044fe36,_wctomb_nolock,104,0
0044fea0,__aulldiv,103,0
0044ff10,__aullrem,116,0
00450006,_alloc_osfhnd,290,0
00450129,_set_osfhnd,123,0
004501a5,_free_osfhnd,126,0
00450224,_get_osfhandle,65,0
00450266,_lock_fh,94,0
004502c5,_unlock_fh,33,0
004502e7,_commit,146,0
0045037a,_sopen,718,0
004506e0,_strncpy,253,0
004507e0,_strcspn,61,0
00450820,_strpbrk,57,0
0045085a,__crtGetStringTypeA,328,0
004509a3,_mbtowc,92,0
00450a00,_mbtowc_nolock,200,0
00450ac9,_isspace,39,0
00450b00,__allshl,30,0
00450b1f,_ungetc_nolock,109,0
00450b8d,__retval_zero,2,0
00450b90,_iscntrl,16,0
00450ba1,__chval,48,0
00450bd2,__crtMessageBoxA,136,0
00450c5b,__addl,32,0
00450c7c,___add_12,93,0
00450cda,__shl_12,45,0
00450d08,__shr_12,44,0
00450d35,__mtold12,198,0
00450dfc,__strgtold12,1184,0
004512cd,$I10_OUTPUT,658,0
00451560,_chsize,292,0
00451685,__ld12mul,543,0
004518a5,__multtenpow12,123,0
00451921,_setmode,96,0
00451990,OpenMultimediaStream,121,3
00451a10,OpenWavStream,408,3
00451bb0,SkipRIFFHeaders,436,3
00451d70,ReadAndDispatchChunk,1063,3
004521a0,FillVideoRingBuffer,221,3
00452280,ParseSimpleAudioHeader,114,3
00452300,DecodeAudioChunk,926,3
004526a0,ParseExtendedAudioHeader,257,3
004527c0,ReadTaggedParam,104,3
00452830,CloseMultimediaStream,89,3
00452890,ReleaseStreamResources,123,3
00452910,LaunchStreamPlaybackThread,118,3
00452990,StreamThreadEntryPoint,58,3
004529d0,RunStreamingPlaybackLoop,738,3
00452cc0,ProcessStreamChunk,234,3
00452dc0,SeekToLoopPoint,71,3
00452e10,ReturnZero,2,3
00452e20,OpenAndStartMediaPlayback,62,4
00452e60,SetStreamVolume,20,4
00452e80,IsStreamPlaying,61,4
00452ec0,StopStreamPlayback,90,4
00452f20,PresentDecodedFrame,1105,3
00453380,CreateVideoOutputSurface,230,3
00453470,ResetIDCTState,32,3
004534a0,SwapDoubleBuffer,52,3
004534e0,BuildColorConversionLUTs,58,3
00453520,BuildYCbCrToRGB16LUT,344,3
00453680,PackPixelFromRGB,545,3
004538b0,BuildYCbCrColorTables,239,3
004539a0,PackYCbCrTableEntry,63,3
004539e0,InitializeVideoDecoder,307,3
00453b20,ExtractPixelFormatInfo,184,3
00453be0,CountSetBits,26,3
00453c00,CountTrailingZeroBits,15,3
00453c10,QuerySurfaceDimensions,67,3
00453c60,BuildYCbCrToPackedPixelLUT,776,3
00453f70,QuerySurfacePixelFormat,165,3
00454020,ReleaseVideoResources,333,3
00454170,CreateDDrawSurface32,324,3
004542c0,DecodeVideoFrame,944,3
00454690,BuildDequantizationTable,184,3
00454750,BuildFullQuantTable,209,3
00454830,ComputeBlitGeometry,142,3
004548c0,DecodeCompressedPixelBlock16,262,3
004549d0,WriteBlock16_3to6,497,3
00454bd0,DecodeCompressedPixelBlock32,263,3
00454ce0,WriteBlock32_3to6,427,3
00454e90,DecodeVideoFrameBlocks8x8,153,3
00454f30,DecodeVideoFrameBlocks16x16,154,3
00454fd0,DecodeVideoFrameBlocksOverlay,148,3
00455070,ParseVideoFrameHeader,564,3
004552b0,CreateVideoSurfaces,719,3
00455580,CreateDDrawOverlaySurface,493,3
00455770,CreateDDrawSurface16,254,3
00455870,RestoreLostSurfaces,214,3
00455950,DecodeEAIMA_Mono,371,3
00455ad0,DecodeEAIMA_Stereo,652,3
00455d60,AudioDecoderThreadFunc,127,3
00455de0,WriteAudioToDirectSound,522,3
00455ff0,GetAudioPlayPosition,141,3
00456080,StartAudioDecoderThread,63,3
004560c0,StopAudioDecoderThread,69,3
00456110,InitStreamDirectSound,184,3
004561d0,CreateDirectSoundDevice,59,3
00456210,DDrawGetSurfaceCaps,51,3
00456250,ReleaseDirectSoundDevice,69,3
004562a0,DDrawReleaseSurface,24,3
004562c0,InitAudioPlayback,361,3
00456430,ReleaseDSStreamBuffer,30,3
00456450,DecodeADPCMBlock,162,3
004564f3,DecodeEAADPCM,374,3
00456670,IDCT_DecodeCoefficients,428,3
0045681d,IDCT_Transform8x8_Caller,264,3
00456926,IDCT_Transform8x8_Block,522,3
00456b31,IDCT_1D_8pt_Float,354,3
00456c94,IDCT_1D_8pt_Float_B,265,3
00456d9e,IDCT_FullBlock8x8,402,3
00456f40,LookupQuantTable,35,3
00456f70,IDCTDecodeDCAndAC,415,3
004573f9,YCbCrToPackedPixel16,650,3
00457684,YCbCrToRGB_Row_16bit,666,3
0045791f,IDCTDecode16x16Block,2014,3
004580fe,DecodeJPEGFrame,2014,3
004588e0,DecodeHuffmanBlock,744,3
00458bc9,DecodeJPEGMCU,1269,3
004590bf,DecodeMCU_YCbCr422_16bpp,493,3
004592ad,DecodeMCU_YCbCr420_16bpp,493,3
0045949b,DecodeMCU_YCbCr444_16bpp,493,3
00459689,DecodeMCU_YCbCr422_16bpp_Fast,493,3
00459877,DecodeMCU_YCbCr422_8bpp,343,3
004599d0,YCbCrToRGB_Row_16bit_444,1229,3
00459ea0,YCbCrToRGB_Row_16bit_420,1278,3
0045a3a0,YCbCrToRGB_Row_8bit,487,3
0045a588,CopyPixelBuffer32,67,3
0045a5cc,YCbCrToRGB_Row_16bit_422,210,3
0045a84c,IDCT8ColumnButterfly,318,3
0045a98b,IDCT8RowButterfly,233,3
0045aa75,IDCT_1D_8pt_Float_C,264,3
0045ab80,DequantizeIDCT_Block,216,3
0045ac60,DequantizeIDCT_Block_Half,109,3
0045acd0,InitMotionVectorDecoder,182,3
0045ad90,BuildHuffmanDecodeTables,441,3
0045af50,ParseJPEGHeaders,618,3
0045b1c0,BitstreamRefillBits,84,3
0045b220,BitstreamReadHuffmanCode,35,3
0045b250,FillBlock_DC,86,3
0045b2b0,DecodeMotionCompensatedFrame,358,3
0045b420,DecodeType2DeltaPalette,811,3
0045b750,BuildBitplaneDeinterleaveTable,121,3
0045b7d0,DecodeVQ_Block,254,3
0045b8d0,DecodeType1PaletteFrame,345,3
0045ba30,ConvertPaletteToPixelFormat,171,3
0045bae0,BlitDecodedToSurface,528,3
0045bd00,SetVGAPalette,59,3
0045bd3c,DecompressLZData,290,3
0045be5f,UnpackBitplaneToPixels,168,3
0045bf08,DecodeBitmapRLERun,179,3
0045bfbc,RtlUnwind,5,0
0045bfc2,DirectSoundCreate,5,0
0045bfc8,_beginthread,118,0
0045c03f,__threadstart,115,0
0045c0d2,__endthread,60,0
